1348000.0,1355000.0,1302000.0,617253,1309000.0
1300000.0,1311000.0,1287000.0,526003,1296000.0
1303000.0,1320000.0,1296000.0,393286,1307000.0
1300000.0,1318000.0,1295000.0,373287,1304000.0
1300000.0,1304000.0,1287000.0,388809,1291000.0
1307000.0,1307000.0,1275000.0,409353,1275000.0
1275000.0,1286000.0,1272000.0,361707,1272000.0
1283000.0,1297000.0,1273000.0,326391,1295000.0
1297000.0,1330000.0,1290000.0,293931,1313000.0
1330000.0,1331000.0,1298000.0,232790,1299000.0
1300000.0,1310000.0,1293000.0,193938,1301000.0
1301000.0,1315000.0,1292000.0,253267,1292000.0
1305000.0,1319000.0,1296000.0,172946,1316000.0
1315000.0,1327000.0,1311000.0,151128,1324000.0
1314000.0,1328000.0,1312000.0,212766,1328000.0
1316000.0,1322000.0,1299000.0,204249,1299000.0
1300000.0,1318000.0,1291000.0,279010,1307000.0
1293000.0,1304000.0,1285000.0,266169,1292000.0
1273000.0,1293000.0,1273000.0,232020,1283000.0
1280000.0,1288000.0,1277000.0,330334,1280000.0
1286000.0,1288000.0,1271000.0,321830,1272000.0
1263000.0,1263000.0,1249000.0,319264,1249000.0
1245000.0,1255000.0,1234000.0,293599,1237000.0
1245000.0,1267000.0,1240000.0,267603,1259000.0
1275000.0,1279000.0,1263000.0,194726,1275000.0
1271000.0,1281000.0,1262000.0,153510,1277000.0
1281000.0,1315000.0,1272000.0,248726,1311000.0
1331000.0,1331000.0,1305000.0,198971,1307000.0
1300000.0,1320000.0,1290000.0,116058,1298000.0
1296000.0,1308000.0,1292000.0,123941,1301000.0
1292000.0,1306000.0,1280000.0,187067,1285000.0
1285000.0,1299000.0,1282000.0,117552,1295000.0
1300000.0,1300000.0,1280000.0,122225,1290000.0
1290000.0,1296000.0,1281000.0,175608,1286000.0
1333000.0,1333000.0,1300000.0,284786,1330000.0
1334000.0,1345000.0,1321000.0,145427,1328000.0
1332000.0,1340000.0,1326000.0,174598,1334000.0
1337000.0,1343000.0,1325000.0,248448,1342000.0
1335000.0,1342000.0,1330000.0,157554,1341000.0
1337000.0,1349000.0,1332000.0,273376,1349000.0
1336000.0,1340000.0,1321000.0,240757,1325000.0
1320000.0,1329000.0,1315000.0,152946,1315000.0
1335000.0,1341000.0,1330000.0,147077,1330000.0
1329000.0,1329000.0,1310000.0,170873,1326000.0
1339000.0,1339000.0,1329000.0,150913,1339000.0
1320000.0,1330000.0,1317000.0,172896,1320000.0
1320000.0,1327000.0,1309000.0,173761,1322000.0
1320000.0,1320000.0,1293000.0,250605,1294000.0
1294000.0,1313000.0,1290000.0,231491,1290000.0
1270000.0,1285000.0,1270000.0,215450,1275000.0
1275000.0,1276000.0,1258000.0,175190,1266000.0
1270000.0,1283000.0,1266000.0,202568,1278000.0
1280000.0,1285000.0,1268000.0,151152,1269000.0
1270000.0,1272000.0,1262000.0,116449,1262000.0
1269000.0,1273000.0,1262000.0,158403,1273000.0
1260000.0,1274000.0,1259000.0,140460,1273000.0
1269000.0,1270000.0,1241000.0,271159,1247000.0
1269000.0,1290000.0,1248000.0,344853,1285000.0
1290000.0,1333000.0,1285000.0,408861,1333000.0
1320000.0,1338000.0,1320000.0,212358,1335000.0
1345000.0,1345000.0,1322000.0,263956,1343000.0
1345000.0,1345000.0,1331000.0,188505,1339000.0
1350000.0,1357000.0,1343000.0,261353,1357000.0
1351000.0,1395000.0,1351000.0,379847,1390000.0
1377000.0,1397000.0,1377000.0,237503,1380000.0
1397000.0,1397000.0,1374000.0,214199,1397000.0
1387000.0,1399000.0,1375000.0,211705,1394000.0
1394000.0,1395000.0,1364000.0,319538,1371000.0
1369000.0,1380000.0,1360000.0,198164,1380000.0
1362000.0,1368000.0,1359000.0,210119,1365000.0
1365000.0,1386000.0,1365000.0,184003,1370000.0
1386000.0,1387000.0,1369000.0,217282,1370000.0
1370000.0,1392000.0,1363000.0,184216,1380000.0
1376000.0,1380000.0,1366000.0,144637,1370000.0
1370000.0,1379000.0,1370000.0,155164,1378000.0
1379000.0,1386000.0,1375000.0,63681,1380000.0
1374000.0,1384000.0,1371000.0,121524,1375000.0
1394000.0,1395000.0,1382000.0,188868,1389000.0
1409000.0,1409000.0,1399000.0,209530,1407000.0
1420000.0,1428000.0,1398000.0,303875,1399000.0
1404000.0,1406000.0,1382000.0,188408,1388000.0
1389000.0,1395000.0,1351000.0,217646,1360000.0
1380000.0,1381000.0,1326000.0,300427,1343000.0
1354000.0,1359000.0,1344000.0,274613,1346000.0
1350000.0,1356000.0,1340000.0,282384,1344000.0
1355000.0,1355000.0,1344000.0,268937,1350000.0
1356000.0,1358000.0,1326000.0,262749,1335000.0
1336000.0,1395000.0,1332000.0,318059,1388000.0
1388000.0,1425000.0,1388000.0,241902,1400000.0
1409000.0,1415000.0,1401000.0,220222,1415000.0
1414000.0,1419000.0,1403000.0,134506,1410000.0
1400000.0,1437000.0,1399000.0,285763,1428000.0
1428000.0,1450000.0,1408000.0,324514,1448000.0
1445000.0,1454000.0,1435000.0,260511,1451000.0
1435000.0,1450000.0,1435000.0,171848,1441000.0
1441000.0,1448000.0,1426000.0,190550,1426000.0
1405000.0,1428000.0,1405000.0,170007,1428000.0
1420000.0,1432000.0,1415000.0,74164,1422000.0
1417000.0,1423000.0,1403000.0,94845,1407000.0
1419000.0,1435000.0,1409000.0,163422,1433000.0
1450000.0,1465000.0,1440000.0,247739,1460000.0
1470000.0,1482000.0,1443000.0,308192,1443000.0
1443000.0,1458000.0,1439000.0,143857,1455000.0
1484000.0,1495000.0,1465000.0,333557,1470000.0
1466000.0,1480000.0,1450000.0,259209,1457000.0
1470000.0,1473000.0,1402000.0,440411,1409000.0
1421000.0,1438000.0,1405000.0,169979,1436000.0
1412000.0,1430000.0,1412000.0,165436,1422000.0
1430000.0,1430000.0,1401000.0,250937,1413000.0
1402000.0,1404000.0,1363000.0,370097,1367000.0
1380000.0,1382000.0,1362000.0,289873,1374000.0
1360000.0,1378000.0,1351000.0,225971,1374000.0
1373000.0,1376000.0,1356000.0,215254,1358000.0
1345000.0,1349000.0,1320000.0,432774,1323000.0
1330000.0,1330000.0,1296000.0,443885,1301000.0
1321000.0,1332000.0,1316000.0,234653,1322000.0
1340000.0,1354000.0,1332000.0,234769,1345000.0
1330000.0,1333000.0,1318000.0,202653,1320000.0
1309000.0,1343000.0,1307000.0,237442,1325000.0
1307000.0,1319000.0,1306000.0,173942,1311000.0
1310000.0,1324000.0,1309000.0,163551,1322000.0
1308000.0,1314000.0,1301000.0,171020,1310000.0
1317000.0,1331000.0,1306000.0,216132,1330000.0
1336000.0,1336000.0,1316000.0,150409,1318000.0
1322000.0,1326000.0,1303000.0,118595,1306000.0
1291000.0,1301000.0,1290000.0,170513,1292000.0
1294000.0,1319000.0,1287000.0,240615,1295000.0
1287000.0,1308000.0,1283000.0,228341,1308000.0
1308000.0,1311000.0,1302000.0,175227,1306000.0
1300000.0,1302000.0,1282000.0,214869,1284000.0
1298000.0,1300000.0,1286000.0,141275,1286000.0
1300000.0,1323000.0,1297000.0,238572,1320000.0
1313000.0,1323000.0,1311000.0,181903,1321000.0
1326000.0,1335000.0,1320000.0,214276,1330000.0
1315000.0,1343000.0,1314000.0,194732,1343000.0
1349000.0,1360000.0,1343000.0,161154,1353000.0
1348000.0,1358000.0,1345000.0,123362,1348000.0
1354000.0,1357000.0,1335000.0,128003,1338000.0
1350000.0,1358000.0,1331000.0,160111,1355000.0
1346000.0,1355000.0,1335000.0,166697,1355000.0
1355000.0,1367000.0,1344000.0,172552,1358000.0
1355000.0,1388000.0,1353000.0,255168,1386000.0
1388000.0,1408000.0,1374000.0,346017,1395000.0
1374000.0,1385000.0,1336000.0,484184,1343000.0
1305000.0,1328000.0,1292000.0,551428,1292000.0
1300000.0,1317000.0,1291000.0,238315,1317000.0
1301000.0,1321000.0,1300000.0,172113,1316000.0
1306000.0,1316000.0,1295000.0,214939,1300000.0
1300000.0,1302000.0,1285000.0,184976,1290000.0
1284000.0,1285000.0,1248000.0,393006,1250000.0
1275000.0,1282000.0,1257000.0,306308,1270000.0
1270000.0,1294000.0,1262000.0,179319,1266000.0
1275000.0,1275000.0,1248000.0,254690,1264000.0
1274000.0,1282000.0,1254000.0,204628,1261000.0
1279000.0,1280000.0,1250000.0,208979,1250000.0
1264000.0,1273000.0,1253000.0,193249,1254000.0
1264000.0,1271000.0,1251000.0,187481,1261000.0
1255000.0,1261000.0,1231000.0,339029,1235000.0
1245000.0,1247000.0,1235000.0,163446,1247000.0
1231000.0,1231000.0,1221000.0,225130,1228000.0
1235000.0,1235000.0,1221000.0,210681,1222000.0
1223000.0,1237000.0,1222000.0,241402,1230000.0
1258000.0,1258000.0,1236000.0,191394,1242000.0
1238000.0,1238000.0,1228000.0,286601,1234000.0
1236000.0,1237000.0,1224000.0,107116,1226000.0
1221000.0,1225000.0,1194000.0,314024,1194000.0
1200000.0,1200000.0,1180000.0,401877,1189000.0
1210000.0,1216000.0,1202000.0,236799,1210000.0
1215000.0,1216000.0,1195000.0,209951,1201000.0
1200000.0,1207000.0,1192000.0,434149,1192000.0
1200000.0,1208000.0,1200000.0,204085,1201000.0
1207000.0,1208000.0,1196000.0,139851,1200000.0
1208000.0,1215000.0,1201000.0,135477,1206000.0
1207000.0,1226000.0,1207000.0,141127,1226000.0
1230000.0,1230000.0,1204000.0,188976,1210000.0
1223000.0,1223000.0,1206000.0,253469,1210000.0
1204000.0,1204000.0,1180000.0,319837,1188000.0
1178000.0,1185000.0,1161000.0,388174,1161000.0
1152000.0,1161000.0,1141000.0,311004,1150000.0
1162000.0,1166000.0,1147000.0,312455,1156000.0
1152000.0,1185000.0,1148000.0,247410,1185000.0
1193000.0,1200000.0,1170000.0,183467,1195000.0
1185000.0,1188000.0,1165000.0,232470,1184000.0
1174000.0,1183000.0,1156000.0,219528,1156000.0
1165000.0,1165000.0,1141000.0,248615,1141000.0
1145000.0,1156000.0,1138000.0,210766,1151000.0
1162000.0,1186000.0,1162000.0,191688,1162000.0
1142000.0,1151000.0,1124000.0,292028,1130000.0
1100000.0,1114000.0,1099000.0,435973,1105000.0
1082000.0,1127000.0,1078000.0,225426,1108000.0
1127000.0,1146000.0,1120000.0,331046,1127000.0
1128000.0,1145000.0,1120000.0,280423,1125000.0
1116000.0,1121000.0,1104000.0,253583,1115000.0
1106000.0,1115000.0,1087000.0,307831,1089000.0
1115000.0,1117000.0,1101000.0,188477,1106000.0
1094000.0,1100000.0,1081000.0,234382,1083000.0
1097000.0,1104000.0,1090000.0,218717,1104000.0
1113000.0,1113000.0,1090000.0,167028,1094000.0
1103000.0,1112000.0,1092000.0,154398,1112000.0
1101000.0,1111000.0,1087000.0,167371,1095000.0
1090000.0,1100000.0,1086000.0,124555,1091000.0
1100000.0,1130000.0,1090000.0,270610,1130000.0
1129000.0,1183000.0,1115000.0,485261,1181000.0
1198000.0,1250000.0,1185000.0,723729,1244000.0
1250000.0,1252000.0,1216000.0,263940,1235000.0
1219000.0,1242000.0,1205000.0,237045,1217000.0
1215000.0,1225000.0,1194000.0,187182,1202000.0
1198000.0,1210000.0,1193000.0,168497,1204000.0
1218000.0,1218000.0,1195000.0,107688,1206000.0
1226000.0,1269000.0,1222000.0,352318,1268000.0
1255000.0,1261000.0,1227000.0,223970,1231000.0
1231000.0,1234000.0,1219000.0,181449,1230000.0
1228000.0,1232000.0,1199000.0,230151,1200000.0
1201000.0,1201000.0,1180000.0,180992,1194000.0
1190000.0,1220000.0,1182000.0,190967,1205000.0
1220000.0,1227000.0,1215000.0,202657,1220000.0
1238000.0,1238000.0,1212000.0,211706,1218000.0
1206000.0,1220000.0,1206000.0,114872,1210000.0
1219000.0,1226000.0,1217000.0,183372,1223000.0
1247000.0,1248000.0,1210000.0,204444,1220000.0
1224000.0,1224000.0,1190000.0,348025,1190000.0
1190000.0,1211000.0,1182000.0,222634,1201000.0
1273000.0,1301000.0,1264000.0,843167,1264000.0
1295000.0,1296000.0,1274000.0,193564,1287000.0
1294000.0,1298000.0,1287000.0,256399,1295000.0
1295000.0,1295000.0,1266000.0,179222,1295000.0
1300000.0,1301000.0,1295000.0,176584,1298000.0
1302000.0,1303000.0,1298000.0,174845,1300000.0
1314000.0,1314000.0,1300000.0,94308,1302000.0
1303000.0,1321000.0,1302000.0,157879,1319000.0
1319000.0,1357000.0,1319000.0,269539,1349000.0
1346000.0,1346000.0,1317000.0,304944,1317000.0
1317000.0,1319000.0,1294000.0,401712,1305000.0
1303000.0,1304000.0,1274000.0,286304,1286000.0
1280000.0,1280000.0,1260000.0,284495,1273000.0
1270000.0,1289000.0,1268000.0,253907,1279000.0
1279000.0,1283000.0,1253000.0,250041,1266000.0
1266000.0,1279000.0,1252000.0,234196,1266000.0
1294000.0,1328000.0,1287000.0,292899,1328000.0
1345000.0,1347000.0,1318000.0,345741,1345000.0
1346000.0,1349000.0,1337000.0,213719,1339000.0
1339000.0,1343000.0,1339000.0,114026,1343000.0
1343000.0,1355000.0,1343000.0,226092,1352000.0
1345000.0,1347000.0,1329000.0,192508,1329000.0
1330000.0,1335000.0,1321000.0,211811,1327000.0
1340000.0,1340000.0,1327000.0,159886,1330000.0
1336000.0,1336000.0,1313000.0,201983,1333000.0
1315000.0,1317000.0,1288000.0,304365,1295000.0
1294000.0,1311000.0,1282000.0,283314,1307000.0
1339000.0,1339000.0,1310000.0,248432,1314000.0
1314000.0,1322000.0,1314000.0,166024,1314000.0
1313000.0,1319000.0,1301000.0,154351,1316000.0
1314000.0,1340000.0,1300000.0,240620,1339000.0
1339000.0,1355000.0,1335000.0,283081,1345000.0
1345000.0,1349000.0,1329000.0,246886,1334000.0
1334000.0,1334000.0,1313000.0,265856,1316000.0
1329000.0,1349000.0,1320000.0,132117,1343000.0
1350000.0,1372000.0,1345000.0,263665,1372000.0
1367000.0,1395000.0,1360000.0,296517,1395000.0
1398000.0,1399000.0,1378000.0,321030,1378000.0
1400000.0,1400000.0,1377000.0,254907,1386000.0
1375000.0,1395000.0,1364000.0,202924,1389000.0
1375000.0,1400000.0,1374000.0,198957,1400000.0
1386000.0,1390000.0,1374000.0,181784,1378000.0
1368000.0,1395000.0,1357000.0,253794,1360000.0
1360000.0,1377000.0,1360000.0,290431,1365000.0
1365000.0,1377000.0,1356000.0,197682,1368000.0
1380000.0,1380000.0,1359000.0,113050,1366000.0
1375000.0,1381000.0,1359000.0,185927,1359000.0
1359000.0,1369000.0,1346000.0,127415,1358000.0
1346000.0,1374000.0,1336000.0,154037,1372000.0
1360000.0,1399000.0,1357000.0,173539,1395000.0
1400000.0,1400000.0,1377000.0,130122,1378000.0
1374000.0,1374000.0,1354000.0,195578,1355000.0
1340000.0,1358000.0,1331000.0,211969,1344000.0
1360000.0,1361000.0,1345000.0,129733,1361000.0
1368000.0,1374000.0,1361000.0,122448,1374000.0
1374000.0,1377000.0,1364000.0,109601,1377000.0
1378000.0,1390000.0,1366000.0,303059,1367000.0
1385000.0,1389000.0,1364000.0,190630,1367000.0
1380000.0,1385000.0,1373000.0,161395,1379000.0
1379000.0,1380000.0,1368000.0,145978,1375000.0
1375000.0,1376000.0,1357000.0,251997,1357000.0
1375000.0,1423000.0,1367000.0,425208,1423000.0
1435000.0,1437000.0,1406000.0,251018,1418000.0
1411000.0,1440000.0,1410000.0,231146,1437000.0
1439000.0,1443000.0,1417000.0,191913,1422000.0
1414000.0,1449000.0,1406000.0,234312,1442000.0
1440000.0,1440000.0,1420000.0,141407,1420000.0
1434000.0,1443000.0,1420000.0,174618,1421000.0
1419000.0,1479000.0,1418000.0,407194,1474000.0
1460000.0,1473000.0,1447000.0,365442,1447000.0
1461000.0,1479000.0,1455000.0,181823,1457000.0
1458000.0,1487000.0,1455000.0,179303,1470000.0
1470000.0,1500000.0,1460000.0,272124,1497000.0
1496000.0,1506000.0,1486000.0,243666,1503000.0
1510000.0,1510000.0,1470000.0,247559,1470000.0
1475000.0,1480000.0,1460000.0,242525,1464000.0
1462000.0,1474000.0,1458000.0,154858,1467000.0
1455000.0,1478000.0,1455000.0,171267,1476000.0
1487000.0,1488000.0,1472000.0,180093,1485000.0
1450000.0,1456000.0,1421000.0,411450,1421000.0
1415000.0,1448000.0,1415000.0,310159,1421000.0
1425000.0,1434000.0,1412000.0,146025,1428000.0
1449000.0,1452000.0,1430000.0,196149,1441000.0
1437000.0,1437000.0,1420000.0,143996,1423000.0
1434000.0,1440000.0,1423000.0,134403,1434000.0
1434000.0,1440000.0,1420000.0,122227,1434000.0
1443000.0,1490000.0,1435000.0,209848,1470000.0
1478000.0,1485000.0,1462000.0,186226,1462000.0
1470000.0,1485000.0,1460000.0,153728,1479000.0
1470000.0,1489000.0,1470000.0,169552,1483000.0
1480000.0,1494000.0,1478000.0,188420,1490000.0
1479000.0,1491000.0,1468000.0,203599,1479000.0
1485000.0,1485000.0,1465000.0,188257,1474000.0
1460000.0,1470000.0,1427000.0,269985,1446000.0
1462000.0,1477000.0,1447000.0,209588,1477000.0
1477000.0,1478000.0,1447000.0,198920,1450000.0
1446000.0,1448000.0,1423000.0,244792,1430000.0
1421000.0,1445000.0,1420000.0,236011,1444000.0
1444000.0,1473000.0,1436000.0,252671,1461000.0
1470000.0,1470000.0,1440000.0,184422,1451000.0
1449000.0,1455000.0,1400000.0,379744,1410000.0
1410000.0,1411000.0,1375000.0,329573,1395000.0
1390000.0,1400000.0,1359000.0,312394,1366000.0
1367000.0,1394000.0,1364000.0,217050,1385000.0
1385000.0,1418000.0,1379000.0,352409,1410000.0
1407000.0,1423000.0,1397000.0,160479,1400000.0
1390000.0,1391000.0,1356000.0,264689,1362000.0
1362000.0,1375000.0,1354000.0,192100,1370000.0
1366000.0,1370000.0,1338000.0,188063,1338000.0
1360000.0,1360000.0,1336000.0,190643,1336000.0
1345000.0,1353000.0,1324000.0,212069,1331000.0
1349000.0,1349000.0,1326000.0,196668,1333000.0
1341000.0,1343000.0,1328000.0,168743,1340000.0
1355000.0,1356000.0,1321000.0,177644,1326000.0
1335000.0,1335000.0,1309000.0,181137,1320000.0
1321000.0,1355000.0,1307000.0,173093,1338000.0
1349000.0,1370000.0,1341000.0,205133,1366000.0
1371000.0,1372000.0,1344000.0,144012,1352000.0
1353000.0,1353000.0,1335000.0,163630,1350000.0
1366000.0,1369000.0,1336000.0,193453,1362000.0
1360000.0,1366000.0,1313000.0,340833,1314000.0
1317000.0,1321000.0,1301000.0,294025,1309000.0
1320000.0,1321000.0,1297000.0,336489,1307000.0
1300000.0,1301000.0,1288000.0,197323,1291000.0
1300000.0,1303000.0,1288000.0,174332,1303000.0
1303000.0,1316000.0,1265000.0,232650,1273000.0
1315000.0,1341000.0,1305000.0,387249,1337000.0
1325000.0,1355000.0,1320000.0,191117,1341000.0
1345000.0,1347000.0,1313000.0,197010,1314000.0
1300000.0,1310000.0,1268000.0,272092,1282000.0
1282000.0,1294000.0,1262000.0,249342,1262000.0
1263000.0,1274000.0,1253000.0,304790,1257000.0
1278000.0,1287000.0,1264000.0,214484,1277000.0
1255000.0,1274000.0,1255000.0,124242,1270000.0
1270000.0,1274000.0,1245000.0,254579,1255000.0
1250000.0,1266000.0,1240000.0,188735,1254000.0
1259000.0,1279000.0,1251000.0,153150,1265000.0
1266000.0,1278000.0,1260000.0,140114,1266000.0
1291000.0,1296000.0,1276000.0,124510,1281000.0
1309000.0,1328000.0,1291000.0,201743,1321000.0
1300000.0,1311000.0,1291000.0,195381,1302000.0
1290000.0,1303000.0,1269000.0,202288,1269000.0
1252000.0,1290000.0,1252000.0,206209,1278000.0
1269000.0,1285000.0,1256000.0,229023,1281000.0
1276000.0,1285000.0,1266000.0,197016,1268000.0
1268000.0,1302000.0,1259000.0,161559,1295000.0
1286000.0,1304000.0,1285000.0,151264,1299000.0
1287000.0,1294000.0,1267000.0,137705,1268000.0
1253000.0,1260000.0,1223000.0,195947,1230000.0
1220000.0,1259000.0,1220000.0,236882,1240000.0
1240000.0,1251000.0,1232000.0,215303,1239000.0
1230000.0,1265000.0,1226000.0,273889,1265000.0
1257000.0,1266000.0,1248000.0,174652,1259000.0
1250000.0,1266000.0,1266000.0,153144,1266000.0
1265000.0,1270000.0,1221000.0,367936,1225000.0
1225000.0,1238000.0,1224000.0,166863,1235000.0
1223000.0,1287000.0,1223000.0,217793,1282000.0
1300000.0,1311000.0,1278000.0,296710,1305000.0
1291000.0,1304000.0,1273000.0,127872,1275000.0
1275000.0,1277000.0,1247000.0,193474,1263000.0
1244000.0,1260000.0,1235000.0,266557,1253000.0
1244000.0,1253000.0,1234000.0,198639,1234000.0
1227000.0,1238000.0,1224000.0,194869,1229000.0
1229000.0,1247000.0,1228000.0,198204,1230000.0
1224000.0,1251000.0,1219000.0,252036,1230000.0
1250000.0,1275000.0,1231000.0,272169,1263000.0
1258000.0,1260000.0,1215000.0,307189,1215000.0
1220000.0,1222000.0,1175000.0,370146,1185000.0
1184000.0,1184000.0,1166000.0,190332,1175000.0
1175000.0,1187000.0,1170000.0,188260,1182000.0
1182000.0,1182000.0,1158000.0,248883,1159000.0
1155000.0,1156000.0,1115000.0,400091,1115000.0
1120000.0,1137000.0,1115000.0,254834,1136000.0
1140000.0,1142000.0,1130000.0,114013,1141000.0
1151000.0,1179000.0,1148000.0,228498,1157000.0
1150000.0,1164000.0,1140000.0,222497,1154000.0
1153000.0,1153000.0,1138000.0,149454,1140000.0
1140000.0,1141000.0,1104000.0,225734,1104000.0
1118000.0,1141000.0,1117000.0,223321,1131000.0
1169000.0,1176000.0,1141000.0,400088,1154000.0
1163000.0,1171000.0,1130000.0,215507,1139000.0
1099000.0,1128000.0,1096000.0,405850,1101000.0
1088000.0,1115000.0,1033000.0,445868,1079000.0
1079000.0,1107000.0,1067000.0,389313,1079000.0
1068000.0,1074000.0,1050000.0,552568,1067000.0
1082000.0,1086000.0,1063000.0,491893,1067000.0
1086000.0,1086000.0,1073000.0,458340,1081000.0
1071000.0,1089000.0,1052000.0,406006,1089000.0
1089000.0,1098000.0,1081000.0,237062,1085000.0
1069000.0,1095000.0,1065000.0,312121,1090000.0
1102000.0,1123000.0,1093000.0,303343,1122000.0
1144000.0,1144000.0,1118000.0,249642,1129000.0
1129000.0,1129000.0,1105000.0,190922,1112000.0
1113000.0,1136000.0,1106000.0,181352,1131000.0
1146000.0,1147000.0,1136000.0,235189,1147000.0
1130000.0,1139000.0,1118000.0,356879,1134000.0
1126000.0,1133000.0,1115000.0,201720,1115000.0
1120000.0,1124000.0,1110000.0,164129,1124000.0
1114000.0,1128000.0,1113000.0,212880,1123000.0
1121000.0,1157000.0,1121000.0,338783,1152000.0
1153000.0,1157000.0,1144000.0,253091,1157000.0
1145000.0,1192000.0,1135000.0,421097,1190000.0
1163000.0,1173000.0,1150000.0,196809,1150000.0
1143000.0,1150000.0,1130000.0,246705,1145000.0
1144000.0,1144000.0,1125000.0,195174,1131000.0
1126000.0,1135000.0,1125000.0,131384,1126000.0
1120000.0,1125000.0,1109000.0,187315,1112000.0
1100000.0,1134000.0,1090000.0,354069,1134000.0
1140000.0,1145000.0,1121000.0,229173,1134000.0
1112000.0,1133000.0,1112000.0,247859,1119000.0
1119000.0,1131000.0,1115000.0,210583,1115000.0
1130000.0,1155000.0,1127000.0,371835,1151000.0
1198000.0,1252000.0,1186000.0,795678,1251000.0
1250000.0,1279000.0,1250000.0,500566,1270000.0
1260000.0,1263000.0,1247000.0,301807,1260000.0
1260000.0,1272000.0,1248000.0,195273,1252000.0
1248000.0,1260000.0,1237000.0,174719,1254000.0
1244000.0,1282000.0,1243000.0,243476,1269000.0
1265000.0,1269000.0,1259000.0,141898,1265000.0
1257000.0,1265000.0,1249000.0,116290,1256000.0
1260000.0,1273000.0,1256000.0,137788,1266000.0
1265000.0,1282000.0,1259000.0,138655,1270000.0
1280000.0,1295000.0,1269000.0,229326,1280000.0
1300000.0,1300000.0,1278000.0,252105,1289000.0
1298000.0,1298000.0,1272000.0,151996,1292000.0
1282000.0,1299000.0,1281000.0,131144,1298000.0
1294000.0,1308000.0,1291000.0,257374,1308000.0
1330000.0,1392000.0,1324000.0,622336,1325000.0
1345000.0,1390000.0,1341000.0,498776,1372000.0
1385000.0,1393000.0,1374000.0,365104,1383000.0
1381000.0,1381000.0,1350000.0,297175,1352000.0
1352000.0,1361000.0,1326000.0,277186,1330000.0
1330000.0,1354000.0,1330000.0,172775,1342000.0
1343000.0,1348000.0,1330000.0,157598,1338000.0
1338000.0,1344000.0,1321000.0,185338,1344000.0
1336000.0,1341000.0,1314000.0,197158,1321000.0
1321000.0,1345000.0,1321000.0,140397,1333000.0
1333000.0,1334000.0,1317000.0,155706,1317000.0
1317000.0,1317000.0,1300000.0,177420,1300000.0
1291000.0,1291000.0,1263000.0,182835,1263000.0
1275000.0,1290000.0,1270000.0,185552,1270000.0
1272000.0,1290000.0,1272000.0,167268,1281000.0
1290000.0,1290000.0,1271000.0,189902,1289000.0
1289000.0,1296000.0,1278000.0,168704,1285000.0
1285000.0,1302000.0,1281000.0,197422,1282000.0
1282000.0,1305000.0,1282000.0,152433,1299000.0
1300000.0,1310000.0,1299000.0,142575,1299000.0
1299000.0,1340000.0,1299000.0,181523,1335000.0
1345000.0,1349000.0,1327000.0,169669,1327000.0
1325000.0,1325000.0,1284000.0,515530,1284000.0
1294000.0,1322000.0,1288000.0,234107,1321000.0
1321000.0,1322000.0,1294000.0,226795,1300000.0
1295000.0,1297000.0,1286000.0,166359,1290000.0
1275000.0,1280000.0,1267000.0,189638,1269000.0
1269000.0,1275000.0,1262000.0,195237,1262000.0
1262000.0,1272000.0,1262000.0,133328,1262000.0
1262000.0,1275000.0,1262000.0,181328,1263000.0
1263000.0,1293000.0,1263000.0,302978,1283000.0
1283000.0,1295000.0,1272000.0,204812,1284000.0
1273000.0,1273000.0,1255000.0,222512,1261000.0
1261000.0,1280000.0,1260000.0,175253,1277000.0
1278000.0,1310000.0,1278000.0,207688,1299000.0
1301000.0,1308000.0,1275000.0,167390,1290000.0
1265000.0,1288000.0,1264000.0,167721,1278000.0
1278000.0,1285000.0,1261000.0,157354,1280000.0
1280000.0,1292000.0,1267000.0,203938,1292000.0
1292000.0,1299000.0,1282000.0,162043,1295000.0
1295000.0,1300000.0,1285000.0,151322,1285000.0
1285000.0,1289000.0,1266000.0,225997,1266000.0
1265000.0,1266000.0,1241000.0,231802,1254000.0
1260000.0,1272000.0,1254000.0,203349,1260000.0
1260000.0,1260000.0,1205000.0,304050,1205000.0
1202000.0,1218000.0,1186000.0,207947,1208000.0
1208000.0,1208000.0,1168000.0,359895,1175000.0
1166000.0,1183000.0,1151000.0,268857,1163000.0
1163000.0,1186000.0,1163000.0,244350,1171000.0
1156000.0,1166000.0,1146000.0,239778,1152000.0
1148000.0,1166000.0,1144000.0,184311,1146000.0
1153000.0,1159000.0,1148000.0,142672,1148000.0
1131000.0,1142000.0,1131000.0,207140,1138000.0
1140000.0,1152000.0,1124000.0,208712,1132000.0
1088000.0,1133000.0,1088000.0,320007,1126000.0
1128000.0,1171000.0,1128000.0,205804,1171000.0
1160000.0,1160000.0,1132000.0,165796,1138000.0
1133000.0,1155000.0,1125000.0,181968,1131000.0
1145000.0,1168000.0,1145000.0,146591,1168000.0
1172000.0,1176000.0,1156000.0,159769,1162000.0
1155000.0,1157000.0,1136000.0,151638,1137000.0
1126000.0,1175000.0,1126000.0,273707,1175000.0
1164000.0,1168000.0,1139000.0,314154,1145000.0
1140000.0,1150000.0,1116000.0,426238,1150000.0
1152000.0,1163000.0,1151000.0,258194,1163000.0
1161000.0,1166000.0,1147000.0,165420,1156000.0
1150000.0,1152000.0,1137000.0,174381,1146000.0
1150000.0,1161000.0,1148000.0,236429,1156000.0
1156000.0,1169000.0,1156000.0,183280,1164000.0
1118000.0,1137000.0,1118000.0,304899,1130000.0
1130000.0,1151000.0,1122000.0,254115,1130000.0
1154000.0,1160000.0,1144000.0,182471,1154000.0
1158000.0,1179000.0,1157000.0,179087,1168000.0
1179000.0,1201000.0,1169000.0,245929,1185000.0
1203000.0,1203000.0,1178000.0,211795,1187000.0
1187000.0,1195000.0,1174000.0,175889,1190000.0
1190000.0,1192000.0,1166000.0,174075,1175000.0
1179000.0,1189000.0,1173000.0,147578,1181000.0
1178000.0,1179000.0,1161000.0,140407,1172000.0
1172000.0,1187000.0,1172000.0,128321,1179000.0
1180000.0,1187000.0,1172000.0,176906,1172000.0
1179000.0,1194000.0,1176000.0,274128,1178000.0
1200000.0,1207000.0,1196000.0,236268,1197000.0
1213000.0,1220000.0,1202000.0,214465,1220000.0
1220000.0,1228000.0,1202000.0,197025,1215000.0
1220000.0,1231000.0,1215000.0,129415,1223000.0
1223000.0,1224000.0,1186000.0,215375,1192000.0
1188000.0,1199000.0,1177000.0,172895,1194000.0
1208000.0,1236000.0,1201000.0,282003,1225000.0
1225000.0,1253000.0,1216000.0,244805,1249000.0
1267000.0,1273000.0,1249000.0,216712,1255000.0
1255000.0,1264000.0,1246000.0,167592,1253000.0
1256000.0,1263000.0,1253000.0,137200,1256000.0
1265000.0,1296000.0,1257000.0,246423,1263000.0
1278000.0,1278000.0,1263000.0,223079,1273000.0
1274000.0,1279000.0,1258000.0,181112,1267000.0
1267000.0,1279000.0,1262000.0,194670,1269000.0
1269000.0,1279000.0,1262000.0,173910,1279000.0
1279000.0,1290000.0,1266000.0,217847,1282000.0
1283000.0,1290000.0,1278000.0,142531,1288000.0
1288000.0,1300000.0,1288000.0,120620,1294000.0
1294000.0,1300000.0,1285000.0,172134,1290000.0
1310000.0,1321000.0,1302000.0,266898,1308000.0
1306000.0,1314000.0,1298000.0,298873,1312000.0
1299000.0,1309000.0,1271000.0,263464,1279000.0
1279000.0,1305000.0,1279000.0,181840,1305000.0
1299000.0,1299000.0,1260000.0,235930,1260000.0
1269000.0,1291000.0,1268000.0,182794,1285000.0
1300000.0,1300000.0,1258000.0,258607,1269000.0
1269000.0,1269000.0,1240000.0,251392,1246000.0
1246000.0,1271000.0,1246000.0,119708,1266000.0
1270000.0,1281000.0,1266000.0,133984,1275000.0
1300000.0,1302000.0,1289000.0,331967,1300000.0
1309000.0,1310000.0,1290000.0,136509,1300000.0
1295000.0,1305000.0,1292000.0,128393,1299000.0
1294000.0,1296000.0,1283000.0,144223,1288000.0
1282000.0,1300000.0,1282000.0,146370,1299000.0
1300000.0,1301000.0,1288000.0,144720,1294000.0
1294000.0,1294000.0,1277000.0,114363,1280000.0
1285000.0,1285000.0,1271000.0,91779,1281000.0
1285000.0,1305000.0,1283000.0,158517,1296000.0
1294000.0,1300000.0,1286000.0,164705,1300000.0
1300000.0,1300000.0,1261000.0,278697,1265000.0
1260000.0,1267000.0,1242000.0,292558,1245000.0
1247000.0,1262000.0,1245000.0,140121,1250000.0
1267000.0,1270000.0,1256000.0,157791,1261000.0
1272000.0,1290000.0,1262000.0,277351,1290000.0
1290000.0,1300000.0,1285000.0,273071,1299000.0
1299000.0,1300000.0,1288000.0,167075,1296000.0
1296000.0,1299000.0,1287000.0,173956,1292000.0
1292000.0,1292000.0,1275000.0,151283,1281000.0
1281000.0,1281000.0,1251000.0,244629,1253000.0
1253000.0,1263000.0,1247000.0,232580,1248000.0
1249000.0,1265000.0,1249000.0,181240,1264000.0
1264000.0,1271000.0,1255000.0,173857,1268000.0
1268000.0,1277000.0,1266000.0,184093,1270000.0
1270000.0,1280000.0,1269000.0,159126,1269000.0
1269000.0,1286000.0,1269000.0,160641,1286000.0
1286000.0,1289000.0,1268000.0,191292,1271000.0
1283000.0,1298000.0,1274000.0,236950,1295000.0
1299000.0,1303000.0,1295000.0,231666,1296000.0
1300000.0,1301000.0,1273000.0,261902,1282000.0
1297000.0,1297000.0,1274000.0,204641,1280000.0
1280000.0,1300000.0,1268000.0,1198180,1292000.0
1298000.0,1341000.0,1295000.0,464371,1333000.0
1350000.0,1372000.0,1346000.0,472853,1365000.0
1370000.0,1379000.0,1364000.0,310428,1377000.0
1386000.0,1402000.0,1380000.0,459213,1398000.0
1419000.0,1419000.0,1389000.0,346942,1406000.0
1408000.0,1430000.0,1406000.0,512553,1430000.0
1424000.0,1425000.0,1404000.0,289005,1406000.0
1396000.0,1396000.0,1362000.0,290039,1371000.0
1371000.0,1386000.0,1369000.0,243251,1380000.0
1385000.0,1416000.0,1383000.0,301979,1413000.0
1413000.0,1417000.0,1395000.0,288743,1409000.0
1410000.0,1435000.0,1410000.0,328256,1426000.0
1427000.0,1448000.0,1426000.0,268408,1431000.0
1432000.0,1449000.0,1426000.0,193560,1448000.0
1446000.0,1450000.0,1431000.0,177102,1445000.0
1444000.0,1445000.0,1427000.0,224121,1430000.0
1445000.0,1445000.0,1360000.0,408920,1400000.0
1400000.0,1405000.0,1385000.0,236573,1398000.0
1390000.0,1404000.0,1379000.0,213829,1399000.0
1408000.0,1412000.0,1391000.0,208090,1396000.0
1408000.0,1445000.0,1397000.0,272883,1425000.0
1427000.0,1479000.0,1427000.0,286582,1466000.0
1464000.0,1474000.0,1451000.0,156639,1466000.0
1466000.0,1475000.0,1462000.0,155389,1469000.0
1447000.0,1452000.0,1412000.0,320468,1421000.0
1421000.0,1450000.0,1416000.0,226202,1450000.0
1450000.0,1475000.0,1449000.0,246773,1460000.0
1460000.0,1500000.0,1460000.0,268606,1489000.0
1499000.0,1505000.0,1460000.0,219428,1464000.0
1496000.0,1496000.0,1463000.0,197935,1481000.0
1481000.0,1500000.0,1476000.0,247548,1500000.0
1500000.0,1522000.0,1486000.0,231690,1518000.0
1518000.0,1533000.0,1500000.0,218383,1533000.0
1528000.0,1540000.0,1522000.0,202089,1533000.0
1533000.0,1542000.0,1524000.0,154984,1540000.0
1540000.0,1547000.0,1537000.0,158995,1543000.0
1506000.0,1528000.0,1506000.0,164934,1516000.0
1500000.0,1523000.0,1495000.0,151458,1502000.0
1500000.0,1531000.0,1498000.0,144285,1530000.0
1512000.0,1529000.0,1512000.0,126635,1527000.0
1533000.0,1536000.0,1498000.0,188934,1507000.0
1520000.0,1557000.0,1511000.0,298564,1539000.0
1569000.0,1580000.0,1560000.0,222125,1568000.0
1568000.0,1568000.0,1546000.0,166191,1548000.0
1548000.0,1548000.0,1517000.0,149927,1517000.0
1519000.0,1533000.0,1517000.0,139981,1517000.0
1529000.0,1564000.0,1525000.0,137787,1561000.0
1566000.0,1575000.0,1556000.0,206415,1569000.0
1574000.0,1579000.0,1557000.0,174736,1567000.0
1567000.0,1570000.0,1534000.0,241083,1541000.0
1541000.0,1559000.0,1526000.0,206875,1559000.0
1559000.0,1570000.0,1544000.0,205237,1545000.0
1545000.0,1576000.0,1545000.0,213905,1568000.0
1569000.0,1570000.0,1551000.0,136973,1566000.0
1567000.0,1644000.0,1566000.0,356783,1640000.0
1638000.0,1675000.0,1636000.0,305169,1675000.0
1674000.0,1692000.0,1659000.0,251660,1665000.0
1665000.0,1694000.0,1657000.0,218436,1687000.0
1680000.0,1682000.0,1636000.0,317292,1653000.0
1630000.0,1659000.0,1622000.0,282298,1639000.0
1606000.0,1623000.0,1603000.0,240315,1612000.0
1602000.0,1640000.0,1597000.0,176287,1640000.0
1647000.0,1671000.0,1633000.0,156818,1645000.0
1641000.0,1641000.0,1611000.0,408787,1620000.0
1583000.0,1588000.0,1563000.0,374540,1587000.0
1595000.0,1613000.0,1588000.0,161305,1597000.0
1590000.0,1615000.0,1585000.0,166892,1606000.0
1607000.0,1645000.0,1597000.0,153116,1643000.0
1648000.0,1652000.0,1621000.0,190676,1621000.0
1623000.0,1639000.0,1614000.0,236783,1639000.0
1611000.0,1618000.0,1564000.0,259988,1575000.0
1490000.0,1506000.0,1456000.0,523997,1465000.0
1508000.0,1549000.0,1495000.0,492464,1527000.0
1538000.0,1569000.0,1536000.0,426497,1558000.0
1559000.0,1588000.0,1559000.0,258141,1585000.0
1595000.0,1601000.0,1576000.0,199079,1592000.0
1600000.0,1641000.0,1599000.0,220066,1618000.0
1582000.0,1598000.0,1566000.0,333975,1571000.0
1571000.0,1596000.0,1564000.0,262913,1568000.0
1550000.0,1575000.0,1533000.0,196432,1569000.0
1554000.0,1573000.0,1554000.0,155882,1567000.0
1573000.0,1619000.0,1572000.0,227176,1600000.0
1590000.0,1615000.0,1585000.0,230501,1598000.0
1610000.0,1624000.0,1606000.0,204707,1614000.0
1601000.0,1626000.0,1597000.0,228739,1619000.0
1696000.0,1700000.0,1667000.0,553989,1691000.0
1700000.0,1716000.0,1690000.0,427198,1706000.0
1650000.0,1689000.0,1628000.0,501365,1680000.0
1600000.0,1625000.0,1545000.0,681419,1545000.0
1495000.0,1545000.0,1494000.0,750524,1535000.0
1550000.0,1581000.0,1545000.0,420652,1557000.0
1548000.0,1588000.0,1547000.0,282865,1577000.0
1565000.0,1602000.0,1538000.0,253167,1590000.0
1572000.0,1595000.0,1572000.0,203376,1589000.0
1579000.0,1643000.0,1575000.0,299594,1625000.0
1626000.0,1651000.0,1609000.0,204239,1620000.0
1606000.0,1613000.0,1588000.0,206051,1589000.0
1593000.0,1608000.0,1590000.0,174633,1608000.0
1600000.0,1604000.0,1592000.0,186146,1597000.0
1597000.0,1599000.0,1562000.0,194261,1567000.0
1571000.0,1617000.0,1556000.0,276477,1573000.0
1580000.0,1614000.0,1580000.0,196287,1614000.0
1616000.0,1639000.0,1611000.0,236650,1639000.0
1630000.0,1652000.0,1612000.0,202986,1652000.0
1640000.0,1652000.0,1631000.0,201810,1643000.0
1630000.0,1640000.0,1606000.0,206217,1616000.0
1605000.0,1634000.0,1605000.0,141963,1627000.0
1647000.0,1650000.0,1634000.0,152940,1640000.0
1649000.0,1649000.0,1635000.0,107169,1644000.0
1646000.0,1657000.0,1591000.0,312250,1596000.0
1630000.0,1650000.0,1618000.0,235746,1649000.0
1585000.0,1618000.0,1585000.0,254275,1598000.0
1595000.0,1596000.0,1552000.0,300672,1553000.0
1553000.0,1581000.0,1539000.0,271902,1539000.0
1540000.0,1564000.0,1540000.0,226022,1558000.0
1555000.0,1576000.0,1545000.0,157082,1568000.0
1582000.0,1588000.0,1570000.0,186627,1586000.0
1565000.0,1606000.0,1565000.0,163579,1593000.0
1607000.0,1645000.0,1600000.0,194455,1640000.0
1661000.0,1661000.0,1626000.0,244388,1649000.0
1649000.0,1652000.0,1633000.0,148504,1650000.0
1641000.0,1652000.0,1633000.0,125243,1650000.0
1650000.0,1681000.0,1640000.0,259549,1677000.0
1690000.0,1698000.0,1669000.0,353201,1677000.0
1677000.0,1747000.0,1677000.0,509252,1746000.0
1740000.0,1753000.0,1733000.0,261918,1749000.0
1724000.0,1738000.0,1707000.0,281135,1727000.0
1717000.0,1734000.0,1711000.0,169145,1718000.0
1722000.0,1760000.0,1720000.0,273811,1748000.0
1752000.0,1774000.0,1752000.0,190503,1772000.0
1799000.0,1801000.0,1776000.0,327891,1790000.0
1795000.0,1795000.0,1770000.0,189523,1780000.0
1733000.0,1768000.0,1733000.0,223356,1752000.0
1731000.0,1772000.0,1731000.0,216543,1766000.0
1778000.0,1784000.0,1764000.0,143528,1777000.0
1741000.0,1775000.0,1741000.0,115316,1759000.0
1765000.0,1801000.0,1760000.0,229653,1793000.0
1781000.0,1819000.0,1781000.0,107622,1795000.0
1796000.0,1820000.0,1792000.0,121685,1812000.0
1818000.0,1830000.0,1801000.0,130421,1805000.0
1813000.0,1815000.0,1799000.0,106595,1809000.0
1801000.0,1804000.0,1780000.0,162173,1782000.0
1780000.0,1800000.0,1778000.0,96051,1798000.0
1799000.0,1810000.0,1793000.0,91981,1799000.0
1792000.0,1799000.0,1780000.0,132355,1788000.0
1771000.0,1802000.0,1770000.0,139768,1802000.0
1799000.0,1812000.0,1794000.0,92936,1805000.0
1814000.0,1831000.0,1801000.0,146807,1824000.0
1825000.0,1826000.0,1805000.0,145894,1808000.0
1803000.0,1803000.0,1777000.0,209212,1778000.0
1809000.0,1822000.0,1802000.0,167595,1810000.0
1830000.0,1875000.0,1828000.0,256572,1861000.0
1864000.0,1870000.0,1854000.0,174117,1862000.0
1876000.0,1928000.0,1871000.0,236640,1914000.0
1900000.0,1940000.0,1899000.0,231733,1940000.0
1905000.0,1916000.0,1873000.0,306883,1873000.0
1843000.0,1891000.0,1816000.0,331541,1833000.0
1829000.0,1873000.0,1829000.0,160076,1848000.0
1852000.0,1875000.0,1831000.0,176628,1847000.0
1886000.0,1896000.0,1851000.0,179367,1874000.0
1856000.0,1871000.0,1844000.0,174927,1860000.0
1860000.0,1903000.0,1850000.0,169687,1903000.0
1906000.0,1929000.0,1894000.0,194483,1908000.0
1917000.0,1970000.0,1916000.0,262299,1970000.0
1971000.0,2000000.0,1971000.0,257769,1995000.0
1995000.0,1995000.0,1973000.0,283156,1973000.0
1977000.0,1983000.0,1952000.0,259847,1956000.0
1980000.0,1983000.0,1960000.0,237562,1968000.0
1970000.0,1975000.0,1959000.0,169092,1973000.0
1979000.0,1983000.0,1957000.0,176407,1978000.0
1978000.0,1979000.0,1938000.0,243302,1941000.0
1937000.0,1939000.0,1910000.0,257394,1920000.0
1939000.0,1942000.0,1911000.0,262976,1920000.0
1920000.0,1938000.0,1915000.0,213887,1918000.0
1887000.0,1903000.0,1886000.0,207670,1898000.0
1898000.0,1913000.0,1866000.0,260584,1879000.0
1854000.0,1898000.0,1854000.0,277510,1886000.0
1890000.0,1918000.0,1889000.0,204049,1901000.0
1878000.0,1902000.0,1864000.0,301506,1893000.0
1911000.0,1939000.0,1908000.0,149445,1933000.0
1927000.0,1978000.0,1921000.0,209320,1947000.0
1950000.0,1967000.0,1949000.0,170622,1965000.0
1951000.0,1972000.0,1951000.0,200399,1959000.0
1948000.0,1955000.0,1903000.0,175650,1911000.0
1901000.0,1907000.0,1885000.0,174814,1903000.0
1903000.0,1938000.0,1898000.0,299622,1922000.0
1921000.0,1993000.0,1921000.0,415658,1986000.0
1967000.0,1986000.0,1958000.0,253695,1981000.0
1961000.0,2011000.0,1961000.0,243717,2004000.0
1990000.0,2016000.0,1990000.0,210620,2010000.0
2010000.0,2031000.0,2007000.0,216680,2010000.0
2010000.0,2015000.0,2001000.0,228043,2010000.0
1998000.0,2021000.0,1993000.0,202235,2009000.0
2002000.0,2049000.0,2002000.0,148234,2030000.0
2031000.0,2077000.0,2025000.0,226233,2068000.0
2040000.0,2072000.0,2040000.0,165838,2070000.0
2090000.0,2109000.0,2077000.0,196163,2092000.0
2090000.0,2125000.0,2086000.0,226529,2120000.0
2100000.0,2106000.0,2087000.0,198326,2095000.0
2089000.0,2134000.0,2088000.0,219953,2128000.0
2080000.0,2123000.0,2079000.0,304661,2123000.0
2110000.0,2118000.0,2085000.0,299343,2090000.0
2080000.0,2099000.0,2054000.0,252722,2075000.0
2060000.0,2094000.0,2059000.0,190976,2060000.0
2078000.0,2092000.0,2069000.0,162757,2074000.0
2087000.0,2098000.0,2079000.0,201511,2089000.0
2094000.0,2122000.0,2094000.0,161786,2099000.0
2091000.0,2101000.0,2060000.0,194270,2060000.0
2070000.0,2086000.0,2065000.0,155826,2072000.0
2080000.0,2109000.0,2076000.0,202107,2104000.0
2095000.0,2112000.0,2085000.0,174867,2107000.0
2100000.0,2104000.0,2080000.0,155317,2092000.0
2090000.0,2091000.0,2058000.0,166284,2080000.0
2097000.0,2097000.0,2075000.0,121247,2097000.0
2097000.0,2097000.0,2079000.0,106949,2080000.0
2093000.0,2097000.0,2085000.0,135181,2095000.0
2083000.0,2123000.0,2083000.0,169266,2121000.0
2108000.0,2113000.0,2088000.0,89091,2101000.0
2100000.0,2104000.0,2076000.0,83644,2078000.0
2084000.0,2091000.0,2064000.0,126816,2075000.0
2065000.0,2071000.0,2045000.0,202091,2045000.0
2029000.0,2040000.0,2004000.0,389092,2014000.0
2024000.0,2070000.0,2024000.0,243007,2038000.0
2063000.0,2063000.0,2046000.0,133163,2062000.0
2073000.0,2137000.0,2066000.0,284616,2135000.0
2135000.0,2140000.0,2126000.0,212594,2140000.0
2135000.0,2226000.0,2098000.0,429264,2192000.0
2289000.0,2290000.0,2226000.0,428392,2231000.0
2275000.0,2275000.0,2238000.0,280480,2245000.0
2285000.0,2285000.0,2243000.0,225381,2276000.0
2276000.0,2351000.0,2267000.0,332117,2351000.0
2308000.0,2361000.0,2280000.0,451362,2280000.0
2271000.0,2309000.0,2261000.0,408364,2275000.0
2288000.0,2308000.0,2283000.0,179916,2291000.0
2281000.0,2314000.0,2281000.0,159852,2305000.0
2333000.0,2340000.0,2305000.0,172886,2319000.0
2306000.0,2332000.0,2305000.0,148051,2317000.0
2287000.0,2300000.0,2277000.0,214852,2297000.0
2282000.0,2289000.0,2236000.0,313875,2236000.0
2252000.0,2269000.0,2238000.0,352413,2255000.0
2270000.0,2279000.0,2245000.0,247744,2246000.0
2243000.0,2265000.0,2240000.0,169920,2244000.0
2258000.0,2284000.0,2240000.0,258545,2284000.0
2280000.0,2323000.0,2277000.0,260836,2304000.0
2311000.0,2320000.0,2269000.0,174403,2281000.0
2276000.0,2283000.0,2224000.0,247953,2232000.0
2229000.0,2251000.0,2220000.0,366977,2235000.0
2243000.0,2245000.0,2220000.0,193891,2234000.0
2253000.0,2298000.0,2250000.0,247894,2298000.0
2302000.0,2318000.0,2286000.0,150954,2297000.0
2325000.0,2325000.0,2262000.0,243638,2265000.0
2250000.0,2279000.0,2250000.0,274158,2258000.0
2284000.0,2322000.0,2280000.0,227782,2305000.0
2271000.0,2280000.0,2257000.0,217181,2269000.0
2257000.0,2281000.0,2257000.0,167722,2270000.0
2290000.0,2303000.0,2262000.0,194743,2268000.0
2284000.0,2296000.0,2259000.0,182884,2284000.0
2275000.0,2297000.0,2273000.0,301134,2279000.0
2279000.0,2328000.0,2278000.0,212538,2328000.0
2362000.0,2407000.0,2361000.0,296577,2407000.0
2387000.0,2406000.0,2374000.0,192556,2374000.0
2398000.0,2404000.0,2386000.0,178242,2398000.0
2380000.0,2389000.0,2371000.0,172622,2381000.0
2376000.0,2418000.0,2376000.0,160857,2414000.0
2411000.0,2420000.0,2395000.0,187532,2415000.0
2380000.0,2400000.0,2378000.0,188156,2385000.0
2402000.0,2416000.0,2397000.0,159859,2397000.0
2375000.0,2381000.0,2355000.0,234972,2377000.0
2375000.0,2389000.0,2356000.0,135870,2361000.0
2358000.0,2370000.0,2345000.0,157562,2350000.0
2341000.0,2384000.0,2339000.0,194505,2379000.0
2400000.0,2405000.0,2386000.0,210773,2403000.0
2387000.0,2406000.0,2381000.0,160473,2393000.0
2425000.0,2445000.0,2416000.0,211575,2433000.0
2432000.0,2450000.0,2414000.0,191701,2450000.0
2450000.0,2500000.0,2442000.0,188641,2494000.0
2504000.0,2547000.0,2502000.0,308691,2528000.0
2550000.0,2554000.0,2521000.0,159251,2524000.0
2545000.0,2551000.0,2526000.0,157180,2532000.0
2521000.0,2544000.0,2518000.0,133050,2542000.0
